{
  "hash": "298a54af",
  "configHash": "1141e346",
  "lockfileHash": "6f684ba9",
  "browserHash": "91dbed54",
  "optimized": {
    "@angular/core": {
      "src": "../../../../../../node_modules/@angular/core/fesm2022/core.mjs",
      "file": "@angular_core.js",
      "fileHash": "dfcd6b43",
      "needsInterop": false
    },
    "@angular/platform-browser": {
      "src": "../../../../../../node_modules/@angular/platform-browser/fesm2022/platform-browser.mjs",
      "file": "@angular_platform-browser.js",
      "fileHash": "cb8efc7e",
      "needsInterop": false
    },
    "@angular/router": {
      "src": "../../../../../../node_modules/@angular/router/fesm2022/router.mjs",
      "file": "@angular_router.js",
      "fileHash": "a1b80ecf",
      "needsInterop": false
    },
    "@angular/common": {
      "src": "../../../../../../node_modules/@angular/common/fesm2022/common.mjs",
      "file": "@angular_common.js",
      "fileHash": "0f08ca63",
      "needsInterop": false
    }
  },
  "chunks": {
    "chunk-FEU5HJHR": {
      "file": "chunk-FEU5HJHR.js"
    },
    "chunk-3CTMZKBG": {
      "file": "chunk-3CTMZKBG.js"
    },
    "chunk-MBENSOCI": {
      "file": "chunk-MBENSOCI.js"
    }
  }
}